Nombre,Team,POS
Jameis Winston,TB,QB
Dak Prescott,DAL,QB
Jared Goff,LAR,QB
Philip Rivers,LAC,QB
Matt Ryan,ATL,QB
Russell Wilson,SEA,QB
Tom Brady,NE,QB
Derek Carr,LV,QB
Carson Wentz,PHI,QB
Patrick Mahomes,KC,QB
Aaron Rodgers,GB,QB
Jimmy Garoppolo,SF,QB
Deshaun Watson,HOU,QB
Baker Mayfield,CLE,QB
Kyler Murray,ARI,QB
Kirk Cousins,MIN,QB
Ryan Fitzpatrick,MIA,QB
Andy Dalton,CIN,QB
Kyle Allen,CAR,QB
Gardner Minshew,JAX,QB
Mitchell Trubisky,CHI,QB
Lamar Jackson,BAL,QB
Josh Allen,BUF,QB
Daniel Jones,NYG,QB
Sam Darnold,NYJ,QB
Drew Brees,NO,QB
Jacoby Brissett,IND,QB
Ryan Tannehill,TEN,QB
Matthew Stafford,DET,QB
Joe Flacco,DEN,QB
Mason Rudolph,PIT,QB
Case Keenum,WSH,QB
Teddy Bridgewater,NO,QB
Dwayne Haskins,WSH,QB
Marcus Mariota,TEN,QB
Devlin Hodges,PIT,QB
Eli Manning,NYG,QB
Drew Lock,DEN,QB
David Blough,DET,QB
Nick Foles,JAX,QB
Jeff Driskel,DET,QB
Matt Moore,KC,QB
Matt Schaub,ATL,QB
Cam Newton,CAR,QB
Josh Rosen,MIA,QB
Brandon Allen,DEN,QB
Ryan Finley,CIN,QB
Chase Daniel,CHI,QB
Luke Falk,NYJ,QB
Brian Hoyer,IND,QB
Matt Barkley,BUF,QB
Ben Roethlisberger,PIT,QB
Will Grier,CAR,QB
Robert Griffin III,BAL,QB
AJ McCarron,HOU,QB
Sean Mannion,MIN,QB
Colt McCoy,WSH,QB
Mike Glennon,LV,QB
Taysom Hill,NO,QB
Brett Hundley,ARI,QB
Julian Edelman,NE,WR
Courtland Sutt,DEN,WR
Emmanuel Sanders,DEN,WR
James White,NE,RB
Jaylen Samuels,PIT,RB
Tyrod Taylor,LAC,QB
Johnny Hekker,LAR,P
John Brown,BUF,WR
Andy Lee,ARI,P
Alex Erickson,CIN,WR
Josh McCown,PHI,QB
Odell Beckham Jr.,CLE,WR
Albert Wilson,MIA,WR
Danny Amendola,DET,WR
Ryan Griffin,TB,QB
Logan Cooke,JAX,P
Dante Pettis,SF,WR
Tim Boyle,GB,QB
Jarrett Stidham,NE,QB
Alvin Kamara,NO,RB
Michael Palardy,CAR,P
Brett Kern,TEN,P
Kelvin Harmon,WSH,WR
DeAndre Hopkins,HOU,WR
Andrew Beck,DEN,FB
Kenjon Barner,ATL,RB
Blake Bortles,LAR,QB
Trevor Siemian,NYJ,QB
Alex Tanney,NYG,QB
Matt Haack,MIA,P
Dustin Colquitt,KC,P
Randall Cobb,DAL,WR
Bilal Powell,NYJ,RB
Josh Gordon,NE,WR
Garrett Gilbert,CLE,QB
David Fales,NYJ,QB
Stefon Diggs,MIN,WR
Cooper Kupp,LAR,WR
Zach Pascal,IND,WR
Colby Wadman,DEN,P
Jake Elliott,PHI,PK
Kareem Hunt,CLE,RB
Christian McCaffrey,CAR,RB
Preston Williams,MIA,WR
Steven Sims,WSH,WR
Sam Koch,BAL,P
Michael Thomas ,NO,WR
Julio Jones ,ATL,WR
Chris Godwin ,TB,WR
Travis Kelce ,KC,TE
DeVante Parker ,MIA,WR
Keenan Allen ,LAC,WR
Kenny Golladay ,DET,WR
Amari Cooper ,DAL,WR
DJ Moore ,CAR,WR
Jarvis Landry ,CLE,WR
DeAndre Hopkins ,HOU,WR
Cooper Kupp ,LAR,WR
Mike Evans ,TB,WR
Allen Robinson II,CHI,WR
Darren Waller ,LV,TE
Robert Woods ,LAR,WR
Stefon Diggs ,MIN,WR
Julian Edelman ,NE,WR
Courtland Sutton ,DEN,WR
Michael Gallup ,DAL,WR
John Brown ,BUF,WR
Tyler Lockett ,SEA,WR
George Kittle ,SF,TE
A.J. Brown ,TEN,WR
Tyler Boyd ,CIN,WR
DJ Chark Jr.,JAX,WR
Christian McCaffrey ,CAR,RB
Mike Williams ,LAC,WR
Davante Adams ,GB,WR
Austin Ekeler ,LAC,RB
Terry McLaurin ,WSH,WR
Zach Ertz ,PHI,TE
DK Metcalf ,SEA,WR
Emmanuel Sanders ,DEN,WR
Calvin Ridley ,ATL,WR
Tyreek Hill ,KC,WR
Mark Andrews ,BAL,TE
Jamison Crowder ,NYJ,WR
Randall Cobb ,DAL,WR
Larry Fitzgerald ,ARI,WR
Deebo Samuel Sr.,SF,WR
Austin Hooper ,ATL,TE
Marvin Jones Jr.,DET,WR
Robbie Chosen ,NYJ,WR
Cole Beasley ,BUF,WR
Chris Conley ,JAX,WR
Darius Slayton ,NYG,WR
James Washington ,PIT,WR
Tyler Higbee ,LAR,TE
Christian Kirk ,ARI,WR
Jared Cook ,NO,TE
Diontae Johnson ,PIT,WR
Danny Amendola ,DET,WR
Golden Tate ,NYG,WR
Sammy Watkins ,KC,WR
William Fuller V,HOU,WR
Dede Westbrook ,JAX,WR
Anthony Miller ,CHI,WR
Hunter Henry ,LAC,TE
Tyrell Williams ,LV,WR
James White ,NE,RB
Breshad Perriman ,TB,WR
Curtis Samuel ,CAR,WR
Zach Pascal ,IND,WR
Dallas Goedert ,PHI,TE
Hunter Renfrow ,LV,WR
Corey Davis ,TEN,WR
Greg Olsen ,CAR,TE
Marquise Brown ,BAL,WR
Brandin Cooks ,LAR,WR
Sterling Shepard ,NYG,WR
Auden Tate ,CIN,WR
Mike Gesicki ,MIA,TE
Noah Fant ,DEN,TE
Kenny Stills ,HOU,WR
JuJu Smith-Schuster ,PIT,WR
Mecole Hardman ,KC,WR
Alvin Kamara ,NO,RB
Jason Witten ,DAL,TE
Alex Erickson ,CIN,WR
Leonard Fournette ,JAX,RB
Mohamed Sanu ,NE,WR
Dalvin Cook ,MIN,RB
Miles Sanders ,PHI,RB
John Ross ,CIN,WR
T.Y. Hilton ,IND,WR
Alshon Jeffery ,PHI,WR
Allen Lazard ,GB,WR
Aaron Jones ,GB,RB
Evan Engram ,NYG,TE
Le'Veon Bell ,NYJ,RB
O.J. Howard ,TB,TE
Tarik Cohen ,CHI,RB
Marquez Valdes-Scantling ,GB,WR
Demarcus Robinson ,KC,WR
Jack Doyle ,IND,TE
Jimmy Graham ,GB,TE
Russell Gage ,ATL,WR
Jonnu Smith ,TEN,TE
Saquon Barkley ,NYG,RB
Tyler Eifert ,CIN,TE
Demaryius Thomas ,NYJ,WR
Preston Williams ,MIA,WR
Josh Gordon ,NE,WR
Ted Ginn Jr.,NO,WR
Ezekiel Elliott ,DAL,RB
Adam Thielen ,MIN,WR
Jordan Akins ,HOU,TE
Allen Hurns ,MIA,WR
Devonta Freeman ,ATL,RB
Duke Johnson ,HOU,RB
Gerald Everett ,LAR,TE
Phillip Dorsett ,NE,WR
Dawson Knox ,BUF,TE
Chris Thompson ,WSH,RB
Eric Ebron ,IND,TE
Adam Humphries ,TEN,WR
David Johnson ,ARI,RB
Kyle Rudolph ,MIN,TE
T.J. Hockenson ,DET,TE
Blake Jarwin ,DAL,TE
Kelvin Harmon ,WSH,WR
Nelson Agholor ,PHI,WR
Keelan Cole Sr.,JAX,WR
Damiere Byrd ,ARI,WR
Jakobi Meyers ,NE,WR
Kendrick Bourne ,SF,WR
Taylor Gabriel ,CHI,WR
Albert Wilson ,MIA,WR
Jacob Hollister ,SEA,TE
Hayden Hurst ,BAL,TE
Kenyan Drake ,MIA,RB
Darren Fells ,HOU,TE
Willie Snead IV,BAL,WR
Tajae Sharpe ,TEN,WR
Josh Reynolds ,LAR,WR
Jalen Richard ,LV,RB
Nick Boyle ,BAL,TE
Ryan Griffin ,NYJ,TE
Nyheim Hines ,IND,RB
Cameron Brate ,TB,TE
Irv Smith Jr.,MIN,TE
Steven Sims ,WSH,WR
Ronald Jones ,TB,RB
Jaylen Samuels ,PIT,RB
David Moore ,SEA,WR
Cody Latimer ,NYG,WR
DaeSean Hamilton ,DEN,WR
Jarius Wright ,CAR,WR
Melvin Gordon III,LAC,RB
Bisi Johnson ,MIN,WR
DeAndre Washington ,LV,RB
Geronimo Allison ,GB,WR
Joe Mixon ,CIN,RB
Dare Ogunbowale ,TB,RB
Kareem Hunt ,CLE,RB
Rex Burkhead ,NE,RB
Nick Chubb ,CLE,RB
Marcus Johnson ,IND,WR
Vance McDonald ,PIT,TE
Seth Roberts ,BAL,WR
Kaden Smith ,NYG,TE
Chris Carson ,SEA,RB
Will Dissly ,SEA,TE
Marvin Hall ,DET,WR
Royce Freeman ,DEN,RB
Greg Ward ,PHI,WR
Isaiah McKenzie ,BUF,WR
Keke Coutee ,HOU,WR
Jamaal Williams ,GB,RB
James Conner ,PIT,RB
Mark Ingram II,BAL,RB
Paul Richardson Jr.,WSH,WR
Malik Turner ,SEA,WR
Isaiah Ford ,MIA,WR
Pharoh Cooper ,CIN,WR
C.J. Uzomah ,CIN,TE
Jeremy Sprinkle ,WSH,TE
Kyle Juszczyk ,SF,FB
Charles Clay ,ARI,TE
Latavius Murray ,NO,RB
Giovani Bernard ,CIN,RB
Taysom Hill ,NO,QB
Tre'Quan Smith ,NO,WR
J.D. McKissic ,DET,RB
Ricky Seals-Jones ,CLE,TE
Josh Hill ,NO,TE
Vyncint Smith ,NYJ,WR
Jaron Brown ,SEA,WR
Jake Kumerow ,GB,WR
Tim Patrick ,DEN,WR
Zay Jones ,LV,WR
Delanie Walker ,TEN,TE
Damien Williams ,KC,RB
Todd Gurley II,LAR,RB
Derrick Henry ,TEN,RB
Anthony Firkser ,TEN,TE
Boston Scott ,PHI,RB
Patrick Laird ,MIA,RB
Maxx Williams ,ARI,TE
Damion Ratley ,CLE,WR
Scotty Miller ,TB,WR
Trey Quinn ,WSH,WR
Miles Boykin ,BAL,WR
Phillip Lindsay ,DEN,RB
Justin Hardy ,ATL,WR
Devin Singletary ,BUF,RB
Bennie Fowler ,NYG,WR
Andy Isabella ,ARI,WR
KeeSean Johnson ,ARI,WR
Marquise Goodwin ,SF,WR
Javon Wims ,CHI,WR
David Montgomery ,CHI,RB
Laquon Treadwell ,MIN,WR
LeSean McCoy ,KC,RB
Dontrelle Inman ,LAC,WR
Raheem Mostert ,SF,RB
Tevin Coleman ,SF,RB
Chester Rogers ,IND,WR
Tavon Austin ,DAL,WR
Foster Moreau ,LV,TE
Ben Watson ,NE,TE
Logan Thomas ,DET,TE
Kalif Raymond ,TEN,WR
Byron Pringle ,KC,WR
J.J. Arcega-Whiteside ,PHI,WR
Rhett Ellison ,NYG,TE
Darrel Williams ,KC,RB
Nick Vannett ,SEA,TE
Duke Williams ,BUF,WR
Josh Jacobs ,LV,RB
Richie James ,SF,WR
Dion Lewis ,TEN,RB
Jakeem Grant Sr.,MIA,WR
DeAndre Carter ,HOU,WR
DeSean Jackson ,PHI,WR
Justin Watson ,TB,WR
Marcedes Lewis ,GB,TE
James O'Shaughnessy ,JAX,TE
Demetrius Harris ,CLE,TE
Jaeden Graham ,ATL,TE
C.J. Ham ,MIN,FB
Ryquell Armstead ,JAX,RB
Adrian Peterson ,WSH,RB
Jesse James ,DET,TE
Seth DeValve ,JAX,TE
Ian Thomas ,CAR,TE
Keelan Doss ,LV,WR
Matt LaCosse ,NE,TE
Parris Campbell ,IND,WR
Kerryon Johnson ,DET,RB
Dan Arnold ,NO,TE
Mack Hollins ,PHI,WR
T.J. Yeldon ,BUF,RB
Deon Cain ,PIT,WR
Vernon Davis ,WSH,TE
Matt Breida ,SF,RB
Marcell Ateman ,LV,WR
Peyton Barber ,TB,RB
Braxton Berrios ,NYJ,WR
Olamide Zaccheaus ,ATL,WR
Jeff Heuerman ,DEN,TE
Tommy Sweeney ,BUF,TE
Ryan Izzo ,NE,TE
Devin Smith ,DAL,WR
Brandon Bolden ,NE,RB
Trevor Davis ,GB,WR
Nick O'Leary ,JAX,TE
Dante Pettis ,SF,WR
Ty Johnson ,DET,RB
Derek Carrier ,LV,TE
Tony Pollard ,DAL,RB
Brandon Zylstra ,CAR,WR
Chase Edmonds ,ARI,RB
N'Keal Harry ,NE,WR
Hale Hentges ,WSH,TE
Wayne Gallman ,NYG,RB
Frank Gore ,BUF,RB
Robert Tonyan ,GB,TE
Danny Vitale ,GB,FB
Sony Michel ,NE,RB
Mo Alie-Cox ,IND,TE
Dontrell Hilliard ,CLE,RB
J.P. Holtz ,WSH,TE
Ross Dwelley ,SF,TE
Christian Blake ,ATL,WR
MyCole Pruitt ,TEN,TE
Ty Montgomery II,NYJ,WR
Andrew Beck ,DEN,FB
Antonio Callaway ,CLE,WR
Mark Walton ,MIA,RB
Ameer Abdullah ,MIN,RB
Joshua Perkins ,PHI,TE
Ito Smith ,ATL,RB
Jesper Horsted ,CHI,TE
Trey Burton ,CHI,TE
Cordarrelle Patterson ,CHI,RB
Rashaad Penny ,SEA,RB
Marlon Mack ,IND,RB
Alexander Mattison ,MIN,RB
Damion Willis ,CIN,WR
Trent Sherfield Sr.,ARI,WR
Luke Willson ,SEA,TE
Derrius Guice ,WSH,RB
Virgil Green ,LAC,TE
C.J. Prosise ,SEA,RB
KhaDarel Hodge ,CLE,WR
Adam Shaheen ,CHI,TE
Daniel Brown ,NYJ,TE
Tyler Kroft ,BUF,TE
D'Ernest Johnson ,CLE,RB
Chad Beebe ,MIN,WR
Justice Hill ,BAL,RB
Jordan Howard ,PHI,RB
Brian Hill ,ATL,RB
Riley Ridley ,CHI,WR
Chris Hogan ,CAR,WR
Blake Bell ,KC,TE
Rico Gafford ,LV,CB
Geoff Swaim ,JAX,TE
Durham Smythe ,MIA,TE
Wendell Smallwood ,WSH,RB
Robert Foster ,BUF,WR
Kalen Ballage ,MIA,RB
Tevin Jones ,PIT,WR
Chris Lacy ,DET,WR
Ben Braunecker ,CHI,TE
Jonathan Williams ,IND,RB
Tyler Conklin ,MIN,TE
Clive Walford ,MIA,TE
Reggie Bonnafon ,CAR,RB
Devontae Booker ,DEN,RB
Antonio Brown ,NE,WR
Andre Patton ,LAC,WR
Travis Homer ,SEA,RB
Rashard Higgins ,CLE,WR
Khari Blasingame ,TEN,FB
Luke Stocker ,ATL,TE
DeAndrew White ,CAR,WR
Myles Gaskin ,MIA,RB
Ross Travis ,IND,TE
Stephen Carlson ,CLE,TE
Lance Kendricks ,LAC,TE
Deon Yelder ,KC,TE
Trey Edmunds ,PIT,RB
Deontay Burnett ,PHI,WR
Patrick Ricard ,BAL,FB
Trevon Wesco ,NYJ,TE
Cedrick Wilson Jr.,DAL,WR
Alexander Hollins ,MIN,WR
Gus Edwards ,BAL,RB
Alec Ingold ,LV,FB
Jordan Wilkins ,IND,RB
Jason Moore ,LAC,WR
Darwin Thompson ,KC,RB
Carlos Hyde ,HOU,RB
Andy Janovich ,DEN,FB
Patrick DiMarco ,BUF,FB
David Njoku ,CLE,TE
TJ Jones ,NYG,WR
Geremy Davis ,LAC,WR
Elandon Roberts ,NE,LB
Troy Fumagalli ,DEN,TE
Steven Mitchell Jr.,HOU,WR
Darrell Henderson Jr.,LAR,RB
Zach Line ,NO,FB
J.J. Nelson ,LV,WR
Ty Sambrailo ,ATL,OT
Bobo Wilson ,TB,WR
Ishmael Hyman ,TB,WR
Jeff Wilson Jr.,SF,RB
Gunner Olszewski ,NE,WR
Bilal Powell ,NYJ,RB
Jordan Matthews ,PHI,TE
Derek Watt ,LAC,FB
Devin Funchess ,IND,TE
Lee Smith ,BUF,TE
Diontae Spencer ,DEN,WR
C.J. Board ,JAX,WR
Travis Benjamin ,LAC,WR
Drew Sample ,CIN,TE
Codey McElroy ,TB,TE
Cody Core ,NYG,WR
Pharaoh Brown ,CLE,TE
Ryan Switzer ,PIT,WR
Cam Sims ,WSH,WR
Tanner Hudson ,TB,TE
Johnny Mundt ,LAR,TE
Russell Shepard ,NYG,WR
Darren Sproles ,PHI,RB
Deonte Harty ,NO,WR
Nick Bellore ,SEA,LB
Nick Scott ,LAR,S
Devine Ozigbo ,JAX,RB
Benny Snell Jr.,PIT,RB
Michael Crabtree ,ARI,WR
Anthony Sherman ,KC,FB
Kenjon Barner ,ATL,RB
Spencer Ware ,KC,RB
Mike Davis ,CAR,RB
Da'Mari Scott ,NYG,WR
Justin Jackson ,LAC,RB
Chris Moore ,BAL,WR
Fred Brown ,DEN,WR
Eric Saubert ,CHI,TE
Johnny Holton ,PIT,WR
Andre Roberts ,BUF,WR
Josh Bellamy ,NYJ,WR
Zach Zenner ,NO,RB
David Blough ,DET,QB
Marqise Lee ,JAX,WR
Donte Moncrief ,CAR,WR
Tra Carson ,GB,RB
Stanley Morgan Jr.,CIN,WR
Darius Jennings ,TEN,WR
Robert Davis ,PHI,WR
Nick Bawden ,DET,FB
Mike Boone ,MIN,RB
Ashton Dulin ,IND,WR
Malcolm Brown ,LAR,RB
Rashard Davis ,TEN,WR
Ventell Bryant ,DAL,WR
Michael Walker ,JAX,WR
Josh Oliver ,JAX,TE
Ryan Grant ,LV,WR
Troymaine Pope ,LAC,RB
Mike Thomas ,LAR,WR
Keith Smith ,ATL,FB
T.J. Logan ,TB,RB
Cethan Carter ,CIN,TE
Cody Hollister ,TEN,WR
Isaac Nauta ,DET,TE
Sean Culkin ,LAC,TE
Jeff Smith ,NYJ,WR
Scott Simonson ,NYG,TE
Chris Manhertz ,CAR,TE
Tyler Ervin ,JAX,RB
Kevin Byard III,TEN,S
John Ursua ,SEA,WR
Antony Auclair ,TB,TE
Levine Toilolo ,SF,TE
Taiwan Jones ,HOU,RB
Elijhaa Penny ,NYG,RB
Javorius Allen ,NYG,RB
Ben Koyack ,JAX,TE
Paul Perkins ,DET,RB
Austin Carr ,NO,WR
Kerrith Whyte ,PIT,RB
Ricky Ortiz ,NO,FB
Jordan Thomas ,HOU,TE
Dwayne Harris ,LV,WR
Cody Davis ,JAX,S
Chris Herndon ,NYJ,TE
Qadree Ollison ,ATL,RB
De'Anthony Thomas ,KC,WR
Jeff Driskel ,DET,QB
Dwayne Washington ,NO,RB
Dalton Schultz ,DAL,TE
Deshaun Watson ,HOU,QB
Jaleel Scott ,BAL,WR
Alex Armah ,CAR,RB
Tyrone Swoopes ,SEA,TE
Jakob Johnson ,NE,FB
Charles Jones ,JAX,TE
Bo Scarbrough ,DET,RB
Roosevelt Nix ,PIT,FB
Darrell Daniels ,ARI,TE
Zach Gentry ,PIT,TE
Krishawn Hogan ,NO,WR
Xavier Grimble ,PIT,TE
Cyril Grayson Jr.,TB,WR
Jacoby Brissett ,IND,QB
Dennis Kelly ,TEN,OT
David Quessenberry ,TEN,OT
Senorise Perry ,BUF,RB
Eric Tomlinson ,NYG,TE
Dion Dawkins ,BUF,OT
Wes Hills ,DET,RB
Darrius Shepherd ,GB,WR
Jonathan Hilliman ,NYG,RB
Jason Sanders ,MIA,PK
Vita Vea ,TB,DT
Christian Wilkins ,MIA,DT
Tyrod Taylor ,LAC,QB
Kirk Cousins ,MIN,QB
Jamize Olawale ,DAL,FB
Deon Lacey ,MIA,LB
Michael Burton ,WSH,FB
Jay Ajayi ,PHI,RB
George Fant ,SEA,OT
Justin Hardee Sr.,NO,CB
Dalyn Dawkins ,TEN,RB
Taywan Taylor ,CLE,WR
Chad Williams ,IND,WR
Michael Deiter ,MIA,G
Travis Fulgham ,DET,WR
Jace Sternberger ,GB,TE
Dane Cruikshank ,TEN,S
Jalen Guyton ,LAC,WR
Lil'Jordan Humphrey ,NO,WR
David Long Jr.,LAR,CB
Jamal Agnew ,DET,WR
Kaleb McGary ,ATL,OT
Andy Dalton ,CIN,QB
Quincy Enunwa ,NYJ,WR
Garrett Bradbury ,MIN,C
Wyatt Teller ,CLE,G
Derrick Henry,TEN,RB
Nick Chubb,CLE,RB
Ezekiel Elliott,DAL,RB
Chris Carson,SEA,RB
Leonard Fournette,JAX,RB
Josh Jacobs,LV,RB
Joe Mixon,CIN,RB
Dalvin Cook,MIN,RB
Marlon Mack,IND,RB
Aaron Jones,GB,RB
Carlos Hyde,HOU,RB
Phillip Lindsay,DEN,RB
Saquon Barkley,NYG,RB
Sony Michel,NE,RB
Adrian Peterson,WSH,RB
David Montgomery,CHI,RB
Miles Sanders,PHI,RB
Kenyan Drake,MIA,RB
Le'Veon Bell,NYJ,RB
Devin Singletary,BUF,RB
Raheem Mostert,SF,RB
Ronald Jones,TB,RB
Gus Edwards,BAL,RB
Devonta Freeman,ATL,RB
Latavius Murray,NO,RB
Matt Breida,SF,RB
Frank Gore,BUF,RB
Austin Ekeler,LAC,RB
Tevin Coleman,SF,RB
Jordan Howard,PHI,RB
Damien Williams,KC,RB
Royce Freeman,DEN,RB
Peyton Barber,TB,RB
LeSean McCoy,KC,RB
James Conner,PIT,RB
Alexander Mattison,MIN,RB
Jamaal Williams,GB,RB
Tony Pollard,DAL,RB
Duke Johnson,HOU,RB
Kerryon Johnson,DET,RB
DeAndre Washington,LV,RB
Bo Scarbrough,DET,RB
Rashaad Penny,SEA,RB
David Johnson,ARI,RB
Brian Hill,ATL,RB
Jordan Wilkins,IND,RB
Chase Edmonds,ARI,RB
Rex Burkhead,NE,RB
Mike Boone,MIN,RB
Ty Johnson,DET,RB
Malcolm Brown,LAR,RB
Boston Scott,PHI,RB
Derrius Guice,WSH,RB
Jonathan Williams,IND,RB
Justice Hill,BAL,RB
Tarik Cohen,CHI,RB
Dion Lewis,TEN,RB
J.D. McKissic,DET,RB
Mark Walton,MIA,RB
Justin Jackson,LAC,RB
Nyheim Hines,IND,RB
Giovani Bernard,CIN,RB
Patrick Laird,MIA,RB
Jalen Richard,LV,RB
Darrel Williams,KC,RB
Chris Thompson,WSH,RB
Kalen Ballage,MIA,RB
Myles Gaskin,MIA,RB
Curtis Samuel,CAR,WR
Darwin Thompson,KC,RB
Kerrith Whyte,PIT,RB
Reggie Bonnafon,CAR,RB
Robert Woods,LAR,WR
Ameer Abdullah,MIN,RB
Travis Homer,SEA,RB
Wayne Gallman,NYG,RB
Ryquell Armstead,JAX,RB
Ito Smith,ATL,RB
Cordarrelle Patterson,CHI,RB
Christian Kirk,ARI,WR
Trey Edmunds,PIT,RB
Jonathan Hilliman,NYG,RB
Wendell Smallwood,WSH,RB
Jonnu Smith,TEN,TE
Trevor Davis,GB,WR
Sterling Shepard,NYG,WR
C.J. Prosise,SEA,RB
Brandon Bolden,NE,RB
Darren Sproles,PHI,RB
T.J. Yeldon,BUF,RB
Anthony Levine Sr.,BAL,S
Dwayne Washington,NO,RB
A.J. Brown,TEN,WR
Brandin Cooks,LAR,WR
Vyncint Smith,NYJ,WR
Spencer Ware,KC,RB
Qadree Ollison,ATL,RB
Dontrell Hilliard,CLE,RB
Isaiah McKenzie,BUF,WR
N'Keal Harry,NE,WR
Tra Carson,GB,RB
Tavon Austin,DAL,WR
C.J. Anderson,DET,RB
Diontae Johnson,PIT,WR
Taiwan Jones,HOU,RB
DJ Moore,CAR,WR
Elijhaa Penny,NYG,RB
Javorius Allen,NYG,RB
Marshawn Lynch,SEA,RB
Parris Campbell,IND,WR
Calvin Ridley,ATL,WR
Deonte Harty,NO,WR
Jay Ajayi,PHI,RB
Paul Perkins,DET,RB
Robert Foster,BUF,WR
Derek Carrier,LV,TE
Mike Davis,CAR,RB
Devine Ozigbo,JAX,RB
Dede Westbrook,JAX,WR
Dalyn Dawkins,TEN,RB
David Moore,SEA,WR
Tyler Boyd,CIN,WR
Josh Reynolds,LAR,WR
Tyreek Hill,KC,WR
George Kittle,SF,TE
Phillip Dorsett,NE,WR
Wes Hills,DET,RB
Allen Lazard,GB,WR
D'Ernest Johnson,CLE,RB
Zach Line,NO,FB
Bennie Fowler,NYG,WR
Taylor Gabriel,CHI,WR
Troymaine Pope,LAC,RB
Chester Rogers,IND,WR
Dare Ogunbowale,TB,RB
Courtland Sutton,DEN,WR
Alec Ingold,LV,FB
C.J. Ham,MIN,FB
Mecole Hardman,KC,WR
Golden Tate,NYG,WR
Keenan Allen,LAC,WR
Breshad Perriman,TB,WR
Samaje Perine,MIA,RB
Scotty Miller,TB,WR
Marquise Goodwin,SF,WR
Andy Isabella,ARI,WR
Keke Coutee,HOU,WR
Sammy Watkins,KC,WR
Russell Gage,ATL,WR
Damien Harris,NE,RB
Josh Adams,NYJ,RB
Mohamed Sanu,NE,WR
Isaiah Ford,MIA,WR
Dexter Williams,GB,RB
John Franklin,TB,WR
DK Metcalf,SEA,WR
Alex Armah,CAR,RB
Jarvis Landry,CLE,WR
Tyler Ervin,JAX,RB
Derek Watt,LAC,FB
T.J. Logan,TB,RB
Buddy Howell,HOU,RB
Anthony Sherman,KC,FB
Josh Ferguson,WSH,RB
Marquez Valdes-Scantling,GB,WR
Johnny Holton,PIT,WR
Jamal Agnew,DET,WR
Devontae Booker,DEN,RB
Jordan Scarlett,CAR,RB
John Kelly Jr.,LAR,RB
Dawson Knox,BUF,TE
Keith Smith,ATL,FB
Chris Godwin,TB,WR
Ryan Nall,CHI,FB
Andre Roberts,BUF,WR
Patrick DiMarco,BUF,FB
Kyle Juszczyk,SF,FB
Marvin Hall,DET,WR
Nelson Agholor,PHI,WR
Evan Engram,NYG,TE
Geronimo Allison,GB,WR
Will Dissly,SEA,TE
Tony Brooks-James,PIT,RB
Adam Thielen,MIN,WR
Diontae Spencer,DEN,WR
Amari Cooper,DAL,WR
Nick Scott,LAR,S
Bisi Johnson,MIN,WR
De'Lance Turner,MIA,RB
Antonio Brown,NE,WR
Colin Jones,CAR,S
De'Anthony Thomas,KC,WR
Darren Waller,LV,TE
Greg Ward,PHI,WR
Da'Mari Scott,NYG,WR
Alfred Morris,ARI,RB
Travis Kelce,KC,TE
Clive Walford,MIA,TE
Robbie Chosen,NYJ,WR
Jamison Crowder,NYJ,WR
John Ross,CIN,WR
Erik Harris,LV,S
James Develin,NE,FB
Senorise Perry,BUF,RB
Danny Vitale,GB,FB
Zay Jones,LV,WR
KeeSean Johnson,ARI,WR
Alshon Jeffery,PHI,WR
Vance McDonald,PIT,TE
Mike Williams,LAC,WR
Pharoh Cooper,CIN,WR
Trevon Wesco,NYJ,TE
Marqise Lee,JAX,WR
Adam Humphries,TEN,WR
Andy Janovich,DEN,FB
Trace McSorley,BAL,QB
Chris Moore,BAL,WR
Quenton Nelson,IND,G
Gerald Everett,LAR,TE
Anthony Miller,CHI,WR
Richie James,SF,WR
Zach Zenner,NO,RB
Julio Jones,ATL,WR
Nick Mullens,SF,QB
Bryan Anger,HOU,P
Tyler Lockett,SEA,WR
Kalif Raymond,TEN,WR
Jarius Wright,CAR,WR
Jordan Berry,PIT,P
Michael Thomas,NO,WR
Noah Fant,DEN,TE
Tom Brady,TB,QB
Justin Herbert,LAC,QB
Philip Rivers,IND,QB
Teddy Bridgewater,CAR,QB
Joe Burrow,CIN,QB
Cam Newton,NE,QB
Andy Dalton,DAL,QB
Nick Foles,CHI,QB
Tua Tagovailoa,MIA,QB
Alex Smith,WSH,QB
Mike Glennon,JAX,QB
Jalen Hurts,PHI,QB
Brandon Allen,CIN,QB
Joe Flacco,NYJ,QB
C.J. Beathard,SF,QB
Jake Luton,JAX,QB
Kyle Allen,WSH,QB
Jeff Driskel,DEN,QB
Colt McCoy,NYG,QB
PJ Walker,CAR,QB
Brett Rypien,DEN,QB
Chase Daniel,DET,QB
Chad Henne,KC,QB
Garrett Gilbert,DAL,QB
John Wolford,LAR,QB
Marcus Mariota,LV,QB
Ben DiNucci,DAL,QB
Blaine Gabbert,TB,QB
Taylor Heinicke,WSH,QB
Brian Hoyer,NE,QB
Chris Streveler,ARI,QB
Jameis Winston,NO,QB
Case Keenum,CLE,QB
Jakobi Meyers,NE,WR
Geno Smith,SEA,QB
Nate Sudfeld,PHI,QB
Lynn Bowden Jr.,MIA,WR
Logan Thomas,WSH,TE
Joseph Charlton,CAR,P
Nathan Peterman,LV,QB
Cole Beasley,BUF,WR
Tyler Bray,CHI,QB
Tyler Huntley,BAL,QB
Jaquan Johnson,BUF,S
Kendall Hinton,DEN,WR
Tommy Townsend,KC,P
Logan Woodside,TEN,QB
Easton Stick,LAC,QB
Joshua Dobbs,PIT,QB
Randall Cobb,HOU,WR
Chris Jones,DAL,P
Riley Dixon,NYG,P
Jeff Smith,NYJ,WR
Isaiah Wright,WSH,WR
James Robinson,JAX,RB
CeeDee Lamb,DAL,WR
Stefon Diggs,BUF,WR
DeAndre Hopkins,ARI,WR
Justin Jefferson,MIN,WR
Davante Adams,GB,WR
Brandin Cooks,HOU,WR
Terry McLaurin,WSH,WR
Robbie Chosen,CAR,WR
Mike Evans,TB,WR
Corey Davis,TEN,WR
Tee Higgins,CIN,WR
Nelson Agholor,LV,WR
Chase Claypool,PIT,WR
Jerry Jeudy,DEN,WR
Michael Gallup,DAL,WR
JuJu Smith-Schuster,PIT,WR
DeVante Parker,MIA,WR
Marquise Brown,BAL,WR
T.Y. Hilton,IND,WR
Darius Slayton,NYG,WR
Brandon Aiyuk,SF,WR
Tim Patrick,DEN,WR
Emmanuel Sanders,NO,WR
T.J. Hockenson,DET,TE
Mike Gesicki,MIA,TE
Mark Andrews,BAL,TE
Kendrick Bourne,SF,WR
Hunter Renfrow,LV,WR
Darnell Mooney,CHI,WR
Rob Gronkowski,TB,TE
Dalton Schultz,DAL,TE
Hunter Henry,LAC,TE
Damiere Byrd,NE,WR
Laviska Shenault Jr.,JAX,WR
Rashard Higgins,CLE,WR
Gabe Davis,BUF,WR
J.D. McKissic,WSH,RB
Robert Tonyan,GB,TE
Hayden Hurst,ATL,TE
Eric Ebron,PIT,TE
Travis Fulgham,PHI,WR
Dallas Goedert,PHI,TE
A.J. Green,CIN,WR
Tyler Higbee,LAR,TE
Jalen Guyton,LAC,WR
Breshad Perriman,NYJ,WR
Jared Cook,NO,TE
Michael Pittman Jr.,IND,WR
Antonio Brown,TB,WR
Cam Sims,WSH,WR
Chris Conley,JAX,WR
Demarcus Robinson,KC,WR
Jimmy Graham,CHI,TE
Henry Ruggs III,LV,WR
Tre'Quan Smith,NO,WR
Dan Arnold,ARI,TE
Austin Hooper,CLE,TE
Larry Fitzgerald,ARI,WR
Jordan Akins,HOU,TE
Tyron Billy-Johnson,LAC,WR
Jalen Reagor,PHI,WR
Mo Alie-Cox,IND,TE
Braxton Berrios,NYJ,WR
James Washington,PIT,WR
Anthony Firkser,TEN,TE
KJ Hamler,DEN,WR
Denzel Mims,NYJ,WR
D'Andre Swift,DET,RB
Tyler Eifert,JAX,TE
Drew Sample,CIN,TE
Quintez Cephus,DET,WR
Richard Rodgers,PHI,TE
Kenny Golladay,DET,WR
Zach Ertz,PHI,TE
Kyle Rudolph,MIN,TE
David Johnson,HOU,RB
Darren Fells,HOU,TE
Donovan Peoples-Jones,CLE,WR
Jonathan Taylor,IND,RB
Clyde Edwards-Helaire,KC,RB
DaeSean Hamilton,DEN,WR
Chris Herndon,NYJ,TE
Cameron Brate,TB,TE
Olamide Zaccheaus,ATL,WR
Collin Johnson,JAX,WR
Miles Boykin,BAL,WR
James O'Shaughnessy,JAX,TE
Marcus Johnson,IND,WR
Jerick McKinnon,SF,RB
Jack Doyle,IND,TE
Trey Burton,IND,TE
Antonio Gibson,WSH,RB
Ross Dwelley,SF,TE
Cole Kmet,CHI,TE
Greg Olsen,SEA,TE
Harrison Bryant,CLE,TE
DeSean Jackson,PHI,WR
Chad Hansen,HOU,WR
Leonard Fournette,TB,RB
Jordan Reed,SF,TE
Van Jefferson,LAR,WR
David Njoku,CLE,TE
Marquez Callaway,NO,WR
Jacob Hollister,SEA,TE
Durham Smythe,MIA,TE
Chad Beebe,MIN,WR
Devin Duvernay,BAL,WR
Ryan Izzo,NE,TE
Tyler Conklin,MIN,TE
Bryan Edwards,LV,WR
Mohamed Sanu,DET,WR
KhaDarel Hodge,CLE,WR
Mack Hollins,MIA,WR
Adam Trautman,NO,TE
Tyler Johnson,TB,WR
John Hightower,PHI,WR
Kalen Ballage,NYJ,RB
Todd Gurley II,ATL,RB
Dontrelle Inman,WSH,WR
Pharaoh Brown,HOU,TE
Byron Pringle,KC,WR
Donald Parham Jr.,LAC,TE
Freddie Swain,SEA,WR
Melvin Gordon III,DEN,RB
Noah Brown,DAL,WR
Auden Tate,CIN,WR
Adam Shaheen,MIA,TE
Joshua Kelley,LAC,RB
Chris Thompson,JAX,RB
O.J. Howard,TB,TE
Ian Thomas,CAR,TE
Kenny Stills,HOU,WR
Christian Blake,ATL,WR
Foster Moreau,LV,TE
Kenyan Drake,ARI,RB
Mike Thomas,CIN,WR
Jesse James,DET,TE
Dion Lewis,NYG,RB
Cam Akers,LAR,RB
Albert Okwuegbunam Jr.,DEN,TE
J.K. Dobbins,BAL,RB
Tyler Kroft,BUF,TE
Chris Hogan,NYJ,WR
Equanimeous St. Brown,GB,WR
Jace Sternberger,GB,TE
Nick Boyle,BAL,TE
Kaden Smith,NYG,TE
DeeJay Dallas,SEA,RB
Blake Bell,DAL,TE
Marcedes Lewis,GB,TE
Stephen Anderson,LAC,TE
Quez Watkins,PHI,WR
Maxx Williams,ARI,TE
Adrian Peterson,DET,RB
LeSean McCoy,TB,RB
C.J. Board,NYG,WR
Cameron Batson,TEN,WR
Ty Johnson,NYJ,RB
Matt Breida,MIA,RB
Nick Vannett,DEN,TE
Zack Moss,BUF,RB
Justin Watson,TB,WR
Carlos Hyde,SEA,RB
Darrell Daniels,ARI,TE
Malcolm Perry,MIA,RB
Austin Mack,NYG,WR
Frank Gore,NYJ,RB
C.J. Uzomah,CIN,TE
Ryan Griffin,NYJ,TE
Trent Taylor,SF,WR
J.J. Arcega-Whiteside,PHI,WR
Tyler Ervin,GB,RB
Devontae Booker,LV,RB
Geoff Swaim,TEN,TE
Troy Fumagalli,DEN,TE
DeMichael Harris,IND,WR
Ray-Ray McCloud III,PIT,WR
Dante Pettis,NYG,WR
Pharoh Cooper,CAR,WR
KJ Hill Jr.,LAC,WR
Jason Witten,LV,TE
Brandon Powell,ATL,WR
Samaje Perine,CIN,RB
Malik Taylor,GB,WR
Luke Stocker,ATL,TE
Damion Ratley,NYG,WR
La'Mical Perine,NYJ,RB
Tyrie Cleveland,DEN,WR
Nick Keizer,KC,TE
Gunner Olszewski,NE,WR
Salvon Ahmed,MIA,RB
Ja'Marcus Bradley,CLE,WR
Rodney Smith,CAR,RB
Devonta Freeman,NYG,RB
Jaydon Mickens,TB,WR
Jeremy McNichols,TEN,RB
Dare Ogunbowale,JAX,RB
Anthony McFarland Jr.,PIT,RB
Cethan Carter,CIN,TE
Johnny Mundt,LAR,TE
Ashton Dulin,IND,WR
Chris Manhertz,CAR,TE
Virgil Green,LAC,TE
MyCole Pruitt,TEN,TE
Laquon Treadwell,ATL,WR
Javon Wims,CHI,WR
Dez Bryant,BAL,WR
Levine Toilolo,NYG,TE
Josh Hill,NO,TE
Darrius Shepherd,GB,WR
Lil'Jordan Humphrey,NO,WR
Demetrius Harris,CHI,TE
Patrick Ricard,BAL,FB
Hunter Bryant,DET,TE
Theo Riddick,LV,RB
Tanner Hudson,TB,TE
River Cracraft,SF,WR
Ted Ginn Jr.,CHI,WR
Khari Blasingame,TEN,FB
Juwan Johnson,NO,TE
Riley Ridley,CHI,WR
Devin Asiasi,NE,TE
Robert Foster,WSH,WR
Deon Yelder,KC,TE
Charlie Woerner,SF,TE
Lee Smith,BUF,TE
Jakob Johnson,NE,FB
Lawrence Cager,NYJ,TE
Kahale Warring,HOU,TE
Brandon Zylstra,CAR,WR
Ke'Shawn Vaughn,TB,RB
JaMycal Hasty,SF,RB
Nick Westbrook-Ikhine,TEN,WR
Terry Godwin,JAX,WR
Seth Roberts,CAR,WR
Daniel Brown,NYJ,TE
DeAndre Washington,MIA,RB
Trayveon Williams,CIN,RB
Isaiah Zuber,NE,WR
Michael Burton,NO,FB
Ty Montgomery II,NO,WR
Austin Carr,NO,WR
Austin Walter,SF,RB
Darrynton Evans,TEN,RB
Ezekiel Turner,ARI,LB
Dominique Dafney,GB,TE
Corey Clement,PHI,RB
Jaeden Graham,ATL,TE
Gabe Nabers,LAC,FB
Daurice Fountain,IND,WR
Jake Kumerow,BUF,WR
Jonathan Williams,DET,RB
AJ Dillon,GB,RB
Tavon Austin,GB,WR
Antonio Callaway,MIA,WR
Antonio Williams,BUF,RB
Alfred Morris,NYG,RB
Deontay Burnett,PHI,WR
C.J. Prosise,HOU,RB
Eric Saubert,JAX,TE
Josh Malone,NYJ,WR
Reggie Gilliam,BUF,FB
Jaleel Scott,NYJ,WR
Dalton Keene,NE,TE
Colby Parkinson,SEA,TE
Trenton Cannon,CAR,RB
Donte Moncrief,NE,WR
James Proche II,BAL,WR
Andy Janovich,CLE,FB
Keith Kirkwood,CAR,WR
Siran Neal,BUF,CB
Luke Willson,SEA,TE
Blake Jarwin,DAL,TE
Peyton Barber,WSH,RB
Cody Hollister,TEN,WR
Josiah Deguara,GB,TE
Bennie Fowler,NO,WR
Marcus Kemp,KC,WR
Stephen Carlson,CLE,TE
Jonathan Ward,ARI,RB
Temarrick Hemingway,WSH,TE
Gehrig Dieter,KC,WR
Ben Ellefson,JAX,TE
Nick Bellore,SEA,LB
Chandler Cox,MIA,FB
DeAndre Carter,CHI,WR
Jason Cabinda,DET,FB
Charlie Heck,HOU,OT
D.J. Foster,ARI,RB
Colin Thompson,CAR,TE
Max Scharping,HOU,G
Scottie Phillips,HOU,RB
Lamar Miller,CHI,RB
Jeremy Sprinkle,WSH,TE
Cullen Gillaspia,HOU,LB
Brandon Dillon,MIN,TE
Tommylee Lewis,NO,WR
Jake Butt,DEN,TE
D'Onta Foreman,TEN,RB
LeVante Bellamy,DEN,RB
Trenton Irwin,CIN,WR
Bobby Massie,CHI,OT
Alex Collins,SEA,RB
J.J. Taylor,NE,RB
Jason Croom,PHI,TE
Penny Hart,SEA,WR
Antonio Gandy-Golden,WSH,TE
Isaac Nauta,DET,TE
Jordan Thomas,NE,TE
Craig Reynolds,JAX,RB
Bruce Miller,JAX,FB
Eric Fisher,KC,OT
Marcus Baugh,WSH,TE
Adrian Killins,PHI,RB
Kendall Lamm,CLE,OT
Taiwan Jones,BUF,RB
Kenjon Barner,TB,RB
C.J. Goodwin,DAL,CB
Eric Tomlinson,NYG,TE
Seth DeValve,ARI,TE
J.P. Holtz,CHI,TE
Mason Schreck,CIN,TE
Jerald Hawkins,PIT,OT
Tajae Sharpe,MIN,WR
Kevin Rader,PIT,TE
Ricky Seals-Jones,KC,TE
Jeff Badet,WSH,WR
Taywan Taylor,CLE,WR
Nick Gates,NYG,C
Tyler Davis,JAX,TE
Hakeem Butler,PHI,WR
Noah Togiai,IND,TE
Joe Reed,LAC,WR
Aaron Brewer,TEN,G
Jason Huntley,PHI,RB
Rico Gafford,LV,CB
Antony Auclair,TB,TE
Shawn Williams,CIN,S
Artavis Pierce,CHI,RB
Bo Scarbrough,SEA,RB
Jeremy Chinn,CAR,S
Tommy Stevens,CAR,TE
Rico Dowdle,DAL,RB
Clayton Fejedelem,MIA,S
Tony Jones Jr.,NO,RB
Barkevious Mingo,CHI,LB
Senorise Perry,TEN,RB
John Lovett,GB,FB
Tony Brooks-James,ATL,RB
Amani Hooker,TEN,S
Darian Thompson,DAL,S
JoJo Natson,CLE,WR
C.J. Moore,DET,S
Sharrod Neasman,ATL,S
Myles Hartsfield,CAR,S
Jeff Heath,LV,S
Sam Martin,DEN,P
Matt Skura,BAL,C
AJ Cole,LV,P
Jamie Gillan,CLE,P
Ty Long,LAC,P
Tom Brady ,TB,QB
Justin Herbert ,LAC,QB
Matthew Stafford ,LAR,QB
Patrick Mahomes ,KC,QB
Derek Carr ,LV,QB
Joe Burrow ,CIN,QB
Dak Prescott ,DAL,QB
Josh Allen ,BUF,QB
Aaron Rodgers ,GB,QB
Matt Ryan ,ATL,QB
Jimmy Garoppolo ,SF,QB
Mac Jones ,NE,QB
Kyler Murray ,ARI,QB
Ben Roethlisberger ,PIT,QB
Ryan Tannehill ,TEN,QB
Trevor Lawrence ,JAX,QB
Carson Wentz ,IND,QB
Taylor Heinicke ,WSH,QB
Jared Goff ,DET,QB
Jalen Hurts ,PHI,QB
Russell Wilson ,SEA,QB
Lamar Jackson ,BAL,QB
Davis Mills ,HOU,QB
Tua Tagovailoa ,MIA,QB
Sam Darnold ,CAR,QB
Zach Wilson ,NYJ,QB
Andy Dalton ,CHI,QB
Jacoby Brissett ,MIA,QB
Trevor Siemian ,NO,QB
Tyler Huntley ,BAL,QB
Tyrod Taylor ,HOU,QB
Mike White ,NYJ,QB
Mike Glennon ,NYG,QB
Drew Lock ,DEN,QB
Colt McCoy ,ARI,QB
Geno Smith ,SEA,QB
Cam Newton ,CAR,QB
Josh Johnson ,NYJ,QB
Trey Lance ,SF,QB
Tim Boyle ,DET,QB
Case Keenum ,CLE,QB
Gardner Minshew ,PHI,QB
Cooper Rush ,DAL,QB
Jordan Love ,GB,QB
PJ Walker ,CAR,QB
Joe Flacco ,NYJ,QB
Mason Rudolph ,PIT,QB
Nick Foles ,CHI,QB
Brian Hoyer ,NE,QB
Jake Fromm ,NYG,QB
Garrett Gilbert ,WSH,QB
Sean Mannion ,MIN,QB
Brandon Allen ,CIN,QB
Nick Mullens ,CLE,QB
Ian Book ,NO,QB
Kyle Allen ,WSH,QB
Chad Henne ,KC,QB
Tom Kennedy ,DET,WR
Blaine Gabbert ,TB,QB
Mitchell Trubisky ,BUF,QB
Jack Fox ,DET,P
Justin Jefferson ,MIN,WR
Kendrick Bourne ,NE,WR
Jacob Eason ,IND,QB
Deebo Samuel ,SF,WR
Chris Banjo ,ARI,S
Josh Rosen ,ATL,QB
Kadarius Toney ,NYG,WR
Tommy Townsend ,KC,P
Matthias Farley ,TEN,S
John Wolford ,LAR,QB
Kellen Mond ,MIN,QB
Marcus Mariota ,LV,QB
Johnny Hekker ,LAR,P
Kendall Hinton ,DEN,WR
Sam Koch ,BAL,P
Danny Amendola ,HOU,WR
Cordarrelle Patterson ,ATL,RB
Rex Burkhead ,HOU,RB
Chris Boswell ,PIT,PK
Riley Dixon ,NYG,P
Ty Long ,LAC,P
Stefon Diggs ,BUF,WR
Keelan Cole Sr.,NYJ,WR
Brett Rypien ,DEN,QB
Feleipe Franks ,ATL,TE
Blake Gillikin ,NO,P
D'Andre Swift ,DET,RB
Ja'Marr Chase ,CIN,WR
CeeDee Lamb ,DAL,WR
Tee Higgins ,CIN,WR
Darnell Mooney ,CHI,WR
Brandin Cooks ,HOU,WR
Kyle Pitts ,ATL,TE
Jaylen Waddle ,MIA,WR
DeVonta Smith ,PHI,WR
Amon-Ra St. Brown,DET,WR
Chase Claypool ,PIT,WR
A.J. Green ,ARI,WR
Marvin Jones Jr.,JAX,WR
Brandon Aiyuk ,SF,WR
Rob Gronkowski ,TB,TE
Van Jefferson ,LAR,WR
Marquez Callaway ,NO,WR
K.J. Osborn ,MIN,WR
Quez Watkins ,PHI,WR
Emmanuel Sanders ,BUF,WR
Cole Kmet ,CHI,TE
Hunter Henry ,NE,TE
Donovan Peoples-Jones ,CLE,WR
Kalif Raymond ,DET,WR
Bryan Edwards ,LV,WR
Jared Cook ,LAC,TE
Gabe Davis ,BUF,WR
Kenny Golladay ,NYG,WR
Robbie Chosen ,CAR,WR
Rashod Bateman ,BAL,WR
Pat Freiermuth ,PIT,TE
Gerald Everett ,SEA,TE
Nick Westbrook-Ikhine ,TEN,WR
Nelson Agholor ,NE,WR
Najee Harris ,PIT,RB
Jerry Jeudy ,DEN,WR
DeSean Jackson ,LAR,WR
Nico Collins ,HOU,WR
Rondale Moore ,ARI,WR
Julio Jones ,TEN,WR
Laquon Treadwell ,JAX,WR
Josh Reynolds ,TEN,WR
Sammy Watkins ,BAL,WR
Adam Humphries ,WSH,WR
James Conner ,ARI,RB
Ty Johnson ,NYJ,RB
Tyler Johnson ,TB,WR
Jonathan Taylor ,IND,RB
Joshua Palmer ,LAC,WR
Austin Hooper ,CLE,TE
Freddie Swain ,SEA,WR
Damiere Byrd ,CHI,WR
Michael Carter ,NYJ,RB
Chris Conley ,HOU,WR
Javonte Williams ,DEN,RB
Marquise Goodwin ,CHI,WR
AJ Dillon ,GB,RB
Chester Rogers ,TEN,WR
Jalen Reagor ,PHI,WR
DeAndre Carter ,WSH,WR
Jonnu Smith ,NE,TE
Antonio Gibson ,WSH,RB
Ameer Abdullah ,CAR,RB
Jauan Jennings ,SF,WR
Devin Duvernay ,BAL,WR
Devontae Booker ,NYG,RB
Adam Trautman ,NO,TE
Mike Davis ,ATL,RB
Kyle Rudolph ,NYG,TE
Kenneth Gainwell ,PHI,RB
John Bates ,WSH,TE
Josiah Deguara ,GB,TE
Harrison Bryant ,CLE,TE
Tajae Sharpe ,ATL,WR
Chris Moore ,HOU,WR
David Johnson ,HOU,RB
John Ross ,NYG,WR
Mack Hollins ,MIA,WR
Hayden Hurst ,ATL,TE
Tavon Austin ,JAX,WR
Geoff Swaim ,TEN,TE
Antoine Wesley ,ARI,WR
Zack Moss ,BUF,RB
Samaje Perine ,CIN,RB
Devonta Freeman ,BAL,RB
Noah Brown ,DAL,WR
Demetric Felton ,CLE,RB
Tommy Tremble ,CAR,TE
Brevin Jordan ,HOU,TE
Chuba Hubbard ,CAR,RB
Tyler Kroft ,NYJ,TE
Pharaoh Brown ,HOU,TE
Jimmy Graham ,CHI,TE
Stephen Anderson ,LAC,TE
Dyami Brown ,WSH,WR
Mark Ingram II,NO,RB
Juwan Johnson ,NO,TE
Jamaal Williams ,DET,RB
KhaDarel Hodge ,DET,WR
JaMycal Hasty ,SF,RB
Chris Evans ,CIN,RB
Malik Turner ,DAL,WR
Elijah Mitchell ,SF,RB
Anthony Schwartz ,CLE,WR
Nick Vannett ,NO,TE
Denzel Mims ,NYJ,WR
Ben Skowronek ,LAR,WR
DeeJay Dallas ,SEA,RB
Damien Harris ,NE,RB
Clyde Edwards-Helaire ,KC,RB
Sony Michel ,LAR,RB
D'Onta Foreman ,TEN,RB
Rhamondre Stevenson ,NE,RB
Brock Wright ,DET,TE
Salvon Ahmed ,MIA,RB
Ihmir Smith-Marsette ,MIN,WR
Dare Ogunbowale ,JAX,RB
Adam Shaheen ,MIA,TE
Jerick McKinnon ,KC,RB
Kylen Granson ,IND,TE
Derrick Gore ,KC,RB
Collin Johnson ,NYG,WR
Damien Williams ,CHI,RB
Trinity Benson ,DET,WR
Khalil Herbert ,CHI,RB
Trent Sherfield Sr.,SF,WR
Dontrell Hilliard ,TEN,RB
Ty'Son Williams ,BAL,RB
Dax Milne ,WSH,WR
Royce Freeman ,CAR,RB
Latavius Murray ,BAL,RB
Jaret Patterson ,WSH,RB
Matt Breida ,BUF,RB
Chris Manhertz ,JAX,TE
Kenny Stills ,NO,WR
Dede Westbrook ,MIN,WR
Peyton Barber ,LV,RB
Josh Oliver ,BAL,TE
Lee Smith ,ATL,TE
Ja'Marcus Bradley ,CLE,WR
Dee Eskridge ,SEA,WR
Jesse James ,CHI,TE
Godwin Igwebuike ,DET,RB
Penny Hart ,SEA,WR
Juwann Winfree ,GB,WR
Luke Farrell ,JAX,TE
Alex Erickson ,CAR,WR
Jacob Hollister ,JAX,TE
Mike Thomas ,CIN,WR
Charlie Woerner ,SF,TE
Craig Reynolds ,DET,RB
Tevin Coleman ,NYJ,RB
Dez Fitzpatrick ,TEN,WR
Eric Saubert ,DEN,TE
Antony Auclair ,HOU,TE
Phillip Lindsay ,MIA,RB
Amari Rodgers ,GB,WR
Tre' McKitty ,LAC,TE
Parker Hesse ,ATL,TE
Jaelon Darden ,TB,WR
Eno Benjamin ,ARI,RB
Duke Johnson ,MIA,RB
Chris Herndon ,MIN,TE
Kevin White ,NO,WR
Joshua Kelley ,LAC,RB
Kendall Blanton ,LAR,TE
Kenny Yeboah ,NYJ,TE
Noah Gray ,KC,TE
D.J. Montgomery ,NYJ,WR
Andre Roberts ,LAC,WR
Tyler Davis ,GB,TE
Trenton Irwin ,CIN,WR
Dominique Dafney ,GB,TE
Jonathan Ward ,ARI,RB
Seth Williams ,DEN,WR
Shane Zylstra ,DET,TE
Cody White ,PIT,WR
Colby Parkinson ,SEA,TE
Josh Gordon ,KC,WR
Michael Burton ,KC,FB
Jeremy Sprinkle ,DAL,TE
Le'Veon Bell ,TB,RB
Corey Clement ,DAL,RB
Jonathan Williams ,WSH,RB
Jake Kumerow ,BUF,WR
Curtis Samuel ,WSH,WR
Sean McKeon ,DAL,TE
Ke'Shawn Vaughn ,TB,RB
Trey Sermon ,SF,RB
Mike Strachan ,IND,WR
Marcus Kemp ,KC,WR
Reggie Gilliam ,BUF,FB
Dazz Newsome ,CHI,WR
Tylan Wallace ,BAL,WR
Jermar Jefferson ,DET,RB
Mike Boone ,DEN,RB
Jack Stoll ,PHI,TE
Wayne Gallman ,MIN,RB
Dezmon Patmon ,IND,WR
Nick Bawden ,NYJ,FB
David Sills V,NYG,WR
Bobby Price ,DET,CB
Gabe Nabers ,LAC,FB
Cethan Carter ,MIA,TE
Jason Cabinda ,DET,FB
Tyron Billy-Johnson ,JAX,WR
Mitchell Wilcox ,CIN,TE
Adam Prentice ,NO,FB
Derek Watt ,PIT,FB
Greg Dortch ,ARI,WR
Frank Darby ,ATL,WR
Luke Stocker ,MIN,TE
C.J. Saunders ,CAR,WR
Demetrius Harris ,ARI,TE
Jaydon Mickens ,JAX,WR
Cam Akers ,LAR,RB
Tarik Black ,NYJ,WR
Andy Janovich ,CLE,FB
Austin Walter ,NYJ,RB
Brycen Hopkins ,LAR,TE
Kene Nwangwu ,MIN,RB
Kevin Rader ,PIT,TE
Ethan Wolf ,NO,TE
Kalen Ballage ,PIT,RB
J.J. Taylor ,NE,RB
Hunter Long ,MIA,TE
Racey McMath ,TEN,WR
Eric Tomlinson ,BAL,TE
Johnny Stanton IV,CLE,FB
Amani Hooker ,TEN,S
Lane Johnson ,PHI,OT
Keke Coutee ,IND,WR
Easop Winston Jr.,NO,WR
Taylor Decker ,DET,OT
Ryan Nall ,CHI,FB
Trayveon Williams ,CIN,RB
Patrick Taylor Jr.,GB,RB
Danny Pinter ,IND,C
Andrew Thomas ,NYG,OT
Conor McDermott ,NYJ,OT
Terence Steele ,DAL,OT
Alex Armah ,NO,RB
Trent Williams ,SF,OT
Travis Benjamin ,SF,WR
Colin Thompson ,CAR,TE
Keion Crossen ,NYG,CB
Matt Nelson ,DET,OT
Giovanni Ricci ,CAR,FB
Ben Ellefson ,MIN,TE
Tyrie Cleveland ,DEN,WR
Stephen Sullivan ,CAR,TE
Jason Huntley ,PHI,RB
Tory Carter ,TEN,FB
Isaiah Coulter ,CHI,WR
Mekhi Sargent ,TEN,RB
Tevaughn Campbell ,LAC,CB
Larry Rountree III,LAC,RB
Mike Remmers ,KC,OT
La'Mical Perine ,NYJ,RB
Deon Jackson ,IND,RB
C.J. Moore ,DET,S
Sean Chandler ,CAR,S
Buddy Howell ,LAR,RB
Sam Ehlinger ,IND,QB
Tremon Smith ,HOU,CB
Dallin Leavitt ,LV,S
Jake Funk ,LAR,RB
Andrew Wingard ,JAX,S
Braden Mann ,NYJ,P
Nathan Cottrell ,JAX,RB
Maurice Ffrench ,LAC,WR
Michael Palardy ,MIA,P
Andy Lee ,ARI,P
Clayton Fejedelem ,MIA,S
Chase Daniel ,LAC,QB
Alex Bachman ,NYG,WR
Logan Woodside ,TEN,QB
Russell Wilson ,DEN,QB
Daniel Jones ,NYG,QB
Matt Ryan ,IND,QB
Andy Dalton ,NO,QB
Jacoby Brissett ,CLE,QB
Kenny Pickett ,PIT,QB
Justin Fields ,CHI,QB
Marcus Mariota ,ATL,QB
Baker Mayfield ,CAR,QB
Carson Wentz ,WSH,QB
Brock Purdy ,SF,QB
Mitchell Trubisky ,PIT,QB
Deshaun Watson ,CLE,QB
Jameis Winston ,NO,QB
Bailey Zappe ,NE,QB
Desmond Ridder ,ATL,QB
Teddy Bridgewater ,MIA,QB
Jarrett Stidham ,LV,QB
Skylar Thompson ,MIA,QB
Kyle Allen ,HOU,QB
Trace McSorley ,ARI,QB
Joshua Dobbs ,TEN,QB
David Blough ,ARI,QB
Anthony Brown Jr. ,BAL,QB
Malik Willis ,TEN,QB
Nick Foles ,IND,QB
Nick Mullens ,MIN,QB
Trevor Siemian ,CHI,QB
Sam Howell ,WSH,QB
Davis Webb ,NYG,QB
Bryce Perkins ,LAR,QB
Nathan Peterman ,CHI,QB
Jeff Driskel ,HOU,QB
Chris Streveler ,NYJ,QB
Jacob Eason ,CAR,QB
Tyrod Taylor ,NYG,QB
C.J. Beathard ,JAX,QB
Tim Boyle ,CHI,QB
Kyle Trask ,TB,QB
Riley Dixon ,LAR,P
Ryan Wright ,MIN,P
Josh Johnson ,SF,QB
Case Keenum ,BUF,QB
Mack Hollins ,LV,WR
Chase Claypool ,CHI,WR
Davante Adams ,LV,WR
Phillip Dorsett ,HOU,WR
Amari Cooper ,CLE,WR
Nate Sudfeld ,DET,QB
Leonard Fournette ,TB,RB
Christian Kirk ,JAX,WR
James Proche II ,BAL,WR
Lawrence Cager ,NYJ,TE
Jamie Gillan ,NYG,P
Cedrick Wilson Jr. ,MIA,WR
Garrett Wilson ,NYJ,WR
Tyreek Hill ,MIA,WR
A.J. Brown ,PHI,WR
Chris Olave ,NO,WR
JuJu Smith-Schuster ,KC,WR
Drake London ,ATL,WR
Zay Jones ,JAX,WR
George Pickens ,PIT,WR
Evan Engram ,JAX,TE
DeAndre Hopkins ,ARI,WR
Marquise Brown ,ARI,WR
Marquez Valdes-Scantling ,KC,WR
Christian Watson ,GB,WR
Alec Pierce ,IND,WR
Richie James ,NYG,WR
Gerald Everett ,LAC,TE
Tyler Conklin ,NYJ,TE
DeVante Parker ,NE,WR
DeAndre Carter ,LAC,WR
Corey Davis ,NYJ,WR
Robert Woods ,TEN,WR
Jahan Dotson ,WSH,WR
DJ Chark Jr.,DET,WR
Terrace Marshall Jr.,CAR,WR
Rashid Shaheed ,NO,WR
Noah Fant ,SEA,TE
Josh Reynolds ,DET,WR
Demarcus Robinson ,BAL,WR
Chigoziem Okonkwo ,TEN,TE
Elijah Moore ,NYJ,WR
Austin Hooper ,TEN,TE
Treylon Burks ,TEN,WR
Russell Gage ,TB,WR
Romeo Doubs ,GB,WR
Randall Cobb ,GB,WR
Trent Sherfield Sr.,MIA,WR
Hayden Hurst ,CIN,TE
Greg Dulcich ,DEN,TE
Zach Ertz ,ARI,TE
Isaiah Hodgins ,NYG,WR
Cade Otton ,TB,TE
Marquise Goodwin ,SEA,WR
Isaiah Likely ,BAL,TE
Allen Robinson II,LAR,WR
Sammy Watkins ,GB,WR
Logan Thomas ,WSH,TE
Equanimeous St. Brown,CHI,WR
Travis Etienne Jr.,JAX,RB
Justin Watson ,KC,WR
Jelani Woods ,IND,TE
Julio Jones ,TB,WR
Tutu Atwell ,LAR,WR
Shi Smith ,CAR,WR
Rachaad White ,TB,RB
Jarvis Landry ,NO,WR
Laviska Shenault Jr.,CAR,WR
Damiere Byrd ,ATL,WR
Daniel Bellinger ,NYG,TE
Trey McBride ,ARI,TE
Skyy Moore ,KC,WR
Tyquan Thornton ,NE,WR
Dante Pettis ,CHI,WR
Ray-Ray McCloud III,SF,WR
Nyheim Hines ,BUF,RB
C.J. Uzomah ,NYJ,TE
Wan'Dale Robinson ,NYG,WR
Breece Hall ,NYJ,RB
Jaylen Warren ,PIT,RB
David Bell ,CLE,WR
Ameer Abdullah ,LV,RB
Raheem Mostert ,MIA,RB
KhaDarel Hodge ,ATL,WR
Eno Benjamin ,NO,RB
Jamal Agnew ,JAX,WR
Jeff Wilson Jr.,MIA,RB
James Cook ,BUF,RB
Jalen Nailor ,MIN,WR
Jake Ferguson ,DAL,TE
J.D. McKissic ,WSH,RB
KJ Hamler ,DEN,WR
Dameon Pierce ,HOU,RB
Kenneth Walker III,SEA,RB
Khalil Shakir ,BUF,WR
Chase Edmonds ,DEN,RB
Brandon Powell ,LAR,WR
DeSean Jackson ,BAL,WR
Connor Heyward ,PIT,TE
MyCole Pruitt ,ATL,TE
Zach Pascal ,PHI,WR
O.J. Howard ,HOU,TE
Keelan Cole Sr.,LV,WR
Johnny Mundt ,MIN,TE
Tyler Allgeier ,ATL,RB
Cedrick Wilson Jr.,MIA,WR
Byron Pringle ,CHI,WR
Dan Arnold ,JAX,TE
Latavius Murray ,DEN,RB
Tanner Hudson ,NYG,TE
Isiah Pacheco ,KC,RB
JaMycal Hasty ,JAX,RB
T.Y. Hilton ,DAL,WR
Matt Breida ,NYG,RB
N'Keal Harry ,CHI,WR
James Mitchell ,DET,TE
Teagan Quitoriano ,HOU,TE
Jody Fortson Jr.,KC,TE
Velus Jones Jr.,CHI,WR
Alec Ingold ,MIA,FB
Dare Ogunbowale ,HOU,RB
Steven Sims ,PIT,WR
Jalen Reagor ,MIN,WR
Peyton Hendershot ,DAL,TE
River Cracraft ,MIA,WR
Justin Jackson ,DET,RB
Anthony Firkser ,ATL,TE
Zonovan Knight ,NYJ,RB
Marcus Johnson ,NYG,WR
Marlon Mack ,DEN,RB
Raheem Blackshear ,CAR,RB
Kenyan Drake ,BAL,RB
Michael Bandy ,LAC,WR
Quintin Morris ,BUF,TE
Samori Toure ,GB,WR
Grant Calcaterra ,PHI,TE
Ko Kieft ,TB,TE
Eric Tomlinson ,DEN,TE
Marcus Jones ,NE,CB
Kyle Philips ,TEN,WR
Kyren Williams ,LAR,RB
Jalen Virgil ,DEN,WR
Freddie Swain ,DEN,WR
Chris Myarick ,NYG,TE
Armani Rogers ,WSH,TE
Malik Davis ,DAL,RB
Trent Taylor ,CIN,WR
Avery Williams ,ATL,RB
Jamison Crowder ,BUF,WR
Brian Robinson Jr.,WSH,RB
Brandon Bolden ,LV,RB
Tyler Kroft ,SF,TE
Hassan Haskins ,TEN,RB
Nick Vannett ,NYG,TE
Corey Clement ,ARI,RB
Sony Michel ,LAC,RB
Gunner Olszewski ,PIT,WR
James Robinson ,NYJ,RB
Charlie Kolar ,BAL,TE
David Johnson ,NO,RB
Chris Conley ,TEN,WR
Andre Baccellia ,ARI,WR
Michael Woods II,CLE,WR
Laquon Treadwell ,SEA,WR
Brandon Johnson ,DEN,WR
J.K. Dobbins ,BAL,RB
Pierre Strong Jr.,NE,RB
Julius Chestnut ,TEN,RB
Jameson Williams ,DET,WR
Gary Brightwell ,NYG,RB
Cole Beasley ,TB,WR
Royce Freeman ,HOU,RB
Darrynton Evans ,CHI,RB
Deven Thompkins ,TB,WR
Tim Jones ,JAX,WR
Ronnie Rivers ,LAR,RB
Kyle Rudolph ,TB,TE
Ryan Griffin ,CHI,TE
D'Onta Foreman ,CAR,RB
Trevon Wesco ,CHI,TE
Jaelon Darden ,CLE,WR
Daylen Baldwin ,CLE,WR
Simi Fehoko ,DAL,WR
Tyler Badie ,DEN,RB
Dareke Young ,SEA,WR
Cole Turner ,WSH,TE
Ronald Jones ,KC,RB
Andy Isabella ,BAL,WR
Cade Johnson ,SEA,WR
Keaontay Ingram ,ARI,RB
Lil'Jordan Humphrey ,NE,WR
Phillip Lindsay ,IND,RB
Jesper Horsted ,LV,TE
Troy Hairston ,HOU,FB
Keith Kirkwood ,NO,WR
Stone Smartt ,LAC,TE
Braylon Sanders ,MIA,WR
Dennis Houston ,DAL,WR
Ty Montgomery II,NE,WR
Quintez Cephus ,DET,WR
Bryan Edwards ,ATL,WR
Ihmir Smith-Marsette ,CHI,WR
Nsimba Webster ,CHI,WR
Austin Trammell ,LAR,WR
Isaiah Spiller ,LAC,RB
Jake Gervase ,LAR,S
Jalen Tolbert ,DAL,WR
Miles Boykin ,PIT,WR
Jakob Johnson ,LV,FB
Spencer Brown ,CAR,RB
Danny Gray ,SF,WR
Stephen Anderson ,ARI,TE
Darrel Williams ,ARI,RB
KaVontae Turpin ,DAL,WR
Penei Sewell ,DET,OT
Tyron Billy-Johnson ,LV,WR
Trestan Ebner ,CHI,RB
Zander Horvath ,LAC,FB
Jeremy Ruckert ,NYJ,TE
Maurice Alexander ,DET,WR
Tyler Mabry ,SEA,TE
Jalen Camp ,HOU,WR
Jonathan Ward ,TEN,RB
Mason Schreck ,HOU,TE
C.J. Board ,TEN,WR
Pharoh Cooper ,ARI,WR
Jacob Harris ,LAR,WR
Ty'Son Williams ,ARI,RB
Devin Asiasi ,CIN,TE
Richard Rodgers ,LAC,TE
Mike Davis ,BAL,RB
Kamu Grugier-Hill ,HOU,LB
Godwin Igwebuike ,SEA,RB
Devine Ozigbo ,DEN,RB
Mason Kinsey ,TEN,WR
Caleb Huntley ,ATL,RB
Erik Ezukanma ,MIA,WR
Montrell Washington ,DEN,WR
Josh Gordon ,TEN,WR
David Bakhtiari ,GB,OT
Jack Conklin ,CLE,OT
Tanner Gentry ,BUF,WR
Khari Blasingame ,CHI,FB
James Washington ,DAL,WR
Noah Togiai ,PHI,TE
DJ Turner ,LV,WR
Miller Forristall ,CLE,TE
Tanner Conner ,MIA,TE
Lance McCutcheon ,LAR,WR
Jake Tonges ,CHI,TE
Josh Ali ,ATL,WR
Tyrion Davis-Price ,SF,RB
Giovani Bernard ,TB,RB
Jordan Mason ,SF,RB
Zamir White ,LV,RB
Kevin Harris ,NE,RB
Snoop Conner ,JAX,RB
Ty Chandler ,MIN,RB
Trey Sermon ,PHI,RB
Jerome Ford ,CLE,RB
Reggie Bonnafon ,WSH,RB
Kylin Hill ,GB,RB
Duke Johnson ,BUF,RB
Marcus Allen ,PIT,LB
M.J. Stewart ,HOU,S
Damien Williams ,ATL,RB
Ashtyn Davis ,NYJ,S
Jordan Howard ,NO,RB
Bryan Anger ,DAL,P
Dallin Leavitt ,GB,S
Matthias Farley ,LV,S
Anthony Brown Jr.,BAL,QB
Michael Dickson ,SEA,P
Jared Goff,DET,QB
Brock Purdy,SF,QB
Jordan Love,GB,QB
C.J. Stroud,HOU,QB
Baker Mayfield,TB,QB
Trevor Lawrence,JAX,QB
Matthew Stafford,LAR,QB
Sam Howell,WSH,QB
Derek Carr,NO,QB
Gardner Minshew,IND,QB
Russell Wilson,DEN,QB
Bryce Young,CAR,QB
Desmond Ridder,ATL,QB
Justin Fields,CHI,QB
Joshua Dobbs,MIN,QB
Zach Wilson,NYJ,QB
Aidan O'Connell,LV,QB
Mac Jones,NE,QB
Kenny Pickett,PIT,QB
Jake Browning,CIN,QB
Will Levis,TEN,QB
Joe Flacco,CLE,QB
Tyrod Taylor,NYG,QB
Nick Mullens,MIN,QB
Bailey Zappe,NE,QB
Jimmy Garoppolo,LV,QB
Deshaun Watson,CLE,QB
Tommy DeVito,NYG,QB
Taylor Heinicke,ATL,QB
Tyson Bagent,CHI,QB
PJ Walker,CLE,QB
Mitchell Trubisky,PIT,QB
Anthony Richardson,IND,QB
Drew Lock,SEA,QB
Jarrett Stidham,DEN,QB
Dorian Thompson-Robinson,CLE,QB
Andy Dalton,CAR,QB
Tim Boyle,NYJ,QB
C.J. Beathard,JAX,QB
Sam Darnold,SF,QB
Case Keenum,HOU,QB
Brian Hoyer,LV,QB
Jacoby Brissett,WSH,QB
Blaine Gabbert,KC,QB
Davis Mills,HOU,QB
Brett Rypien,LAR,QB
Jaren Hall,MIN,QB
Jeff Driskel,CLE,QB
Marcus Mariota,PHI,QB
Carson Wentz,LAR,QB
Cooper Rush,DAL,QB
Mike White,MIA,QB
Malik Willis,TEN,QB
Clayton Tune,ARI,QB
Sean Clifford,GB,QB
Jalen Reeves-Maybin,DET,LB
Braden Mann,PHI,P
Logan Woodside,ATL,QB
Drake London,ATL,WR
AJ McCarron,CIN,QB
Thomas Morstead,NYJ,P
Kenneth Gainwell,PHI,RB
Dontayvion Wicks,GB,WR
Jakobi Meyers,LV,WR
Johnny Hekker,CAR,P
Devin Singletary,HOU,RB
Jerick McKinnon,KC,RB
Dyami Brown,WSH,WR
Aaron Rodgers,NYJ,QB
DeAndre Hopkins,TEN,WR
Nathan Peterman,CHI,QB
Tanner Hudson,CIN,TE
Jonnu Smith,ATL,TE
Parris Campbell,NYG,WR
Deebo Samuel,SF,WR
Kyle Trask,TB,QB
Cedrick Wilson,MIA,WR
Cam Akers,MIN,RB
Malik Cunningham,NE,WR
Kadarius Toney,KC,WR
Connor Heyward,PIT,TE
Tank Dell,HOU,WR
De'Von Achane,MIA,RB
Garrett Wilson,NYJ,WR
Christian Kirk,JAX,WR
Ja'Marr Chase,CIN,WR
Puka Nacua ,LAR,WR
DJ Moore ,CHI,WR
DeAndre Hopkins ,TEN,WR
Calvin Ridley ,JAX,WR
Adam Thielen ,CAR,WR
T.J. Hockenson ,MIN,TE
Rashee Rice ,KC,WR
Jordan Addison ,MIN,WR
Sam LaPorta ,DET,TE
Zay Flowers ,BAL,WR
Jakobi Meyers ,LV,WR
Jayden Reed ,GB,WR
Josh Downs ,IND,WR
Tank Dell ,HOU,WR
Dalton Kincaid ,BUF,TE
Brandin Cooks ,DAL,WR
Elijah Moore ,CLE,WR
Dalton Schultz ,HOU,TE
Jaxon Smith-Njigba ,SEA,WR
Jonnu Smith ,ATL,TE
Dontayvion Wicks ,GB,WR
Noah Brown ,HOU,WR
Odell Beckham Jr.,BAL,WR
Michael Wilson ,ARI,WR
Christian McCaffrey ,SF,RB
DeMario Douglas ,NE,WR
Darren Waller ,NYG,TE
DJ Chark Jr.,CAR,WR
Bijan Robinson ,ATL,RB
Samaje Perine ,DEN,RB
Quentin Johnston ,LAC,WR
Robert Woods ,HOU,WR
Chris Moore ,TEN,WR
Jonathan Mingo ,CAR,WR
Trey Palmer ,TB,WR
Tyjae Spears ,TEN,RB
Nelson Agholor ,BAL,WR
Marvin Mims Jr.,DEN,WR
Jalin Hyatt ,NYG,WR
Demarcus Robinson ,LAR,WR
Tucker Kraft ,GB,TE
Tanner Hudson ,CIN,TE
Luke Musgrave ,GB,TE
Tre Tucker ,LV,WR
Brandon Powell ,MIN,WR
Jahmyr Gibbs ,DET,RB
Ezekiel Elliott ,NE,RB
Allen Lazard ,NYJ,WR
Michael Mayer ,LV,TE
Allen Robinson II,PIT,WR
JuJu Smith-Schuster ,NE,WR
Mack Hollins ,ATL,WR
A.T. Perry ,NO,WR
Mike Gesicki ,NE,TE
Braxton Berrios ,MIA,WR
Austin Hooper ,LV,TE
Alex Erickson ,LAC,WR
Xavier Gipson ,NYJ,WR
Cedric Tillman ,CLE,WR
Bo Melton ,GB,WR
D'Andre Swift ,PHI,RB
Josh Oliver ,MIN,TE
Zach Charbonnet ,SEA,RB
Roschon Johnson ,CHI,RB
Pharaoh Brown ,NE,TE
Will Mallory ,IND,TE
Adam Trautman ,DEN,TE
De'Von Achane ,MIA,RB
Jake Bobo ,SEA,WR
Foster Moreau ,NO,TE
Devin Singletary ,HOU,RB
Zack Moss ,IND,RB
Hayden Hurst ,CAR,TE
Calvin Austin III,PIT,WR
Kadarius Toney ,KC,WR
Tyler Scott ,CHI,WR
Olamide Zaccheaus ,PHI,WR
Elijah Higgins ,ARI,TE
Lil'Jordan Humphrey ,DEN,WR
Scotty Miller ,ATL,WR
Byron Pringle ,WSH,WR
Jaleel McLaughlin ,DEN,RB
Jamison Crowder ,WSH,WR
John Metchie III,HOU,WR
Chase Brown ,CIN,RB
Donovan Peoples-Jones ,DET,WR
Miles Sanders ,CAR,RB
Deonte Harty ,BUF,WR
Drew Ogletree ,IND,TE
Rico Dowdle ,DAL,RB
D'Ernest Johnson ,JAX,RB
Jalen Reagor ,NE,WR
Jordan Akins ,CLE,TE
Parker Washington ,JAX,WR
Robbie Chosen ,MIA,WR
Malik Heath ,GB,WR
Mecole Hardman ,NYJ,WR
Latavius Murray ,BUF,RB
Emari Demercado ,ARI,RB
David Montgomery ,DET,RB
Kendre Miller ,NO,RB
Andrei Iosivas ,CIN,WR
Irv Smith Jr.,CIN,TE
Richie James ,KC,WR
Robert Tonyan ,CHI,TE
Parris Campbell ,NYG,WR
Lucas Krull ,DEN,TE
Davis Allen ,LAR,TE
Geoff Swaim ,ARI,TE
David Moore ,TB,WR
Josh Whyle ,TEN,TE
Keaton Mitchell ,BAL,RB
Xavier Hutchinson ,HOU,WR
Trent Sherfield Sr.,BUF,WR
Lynn Bowden Jr.,NO,WR
Isaiah McKenzie ,IND,WR
Chase Edmonds ,TB,RB
Dalvin Cook ,NYJ,RB
D'Onta Foreman ,CHI,RB
Chase Claypool ,MIA,WR
Julio Jones ,PHI,WR
Cam Akers ,MIN,RB
Chris Conley ,SF,WR
Ronnie Bell ,SF,WR
Marquise Goodwin ,CLE,WR
Derius Davis ,LAC,WR
Luke Schoonmaker ,DAL,TE
Charlie Jones ,CIN,WR
Jalen Brooks ,DAL,WR
Jamaal Williams ,NO,RB
Ty Johnson ,BUF,RB
Darnell Washington ,PIT,TE
Rakim Jarrett ,TB,WR
Payne Durham ,TB,TE
D.J. Montgomery ,IND,WR
Jason Brownlee ,NYJ,WR
Andrew Beck ,HOU,FB
Justyn Ross ,KC,WR
Ihmir Smith-Marsette ,CAR,WR
Darrynton Evans ,MIA,RB
Julian Hill ,MIA,TE
Pierre Strong Jr.,CLE,RB
Melvin Gordon III,BAL,RB
Mike Strachan ,CAR,WR
Israel Abanikanda ,NYJ,RB
Britain Covey ,PHI,WR
Mike Boone ,HOU,RB
Deuce Vaughn ,DAL,RB
Jimmy Graham ,NO,TE
Randall Cobb ,NYJ,WR
DeAndre Carter ,LV,WR
Elijah Cooks ,JAX,WR
Lawrence Cager ,NYG,TE
Brenton Strange ,JAX,TE
Tyler Goodson ,IND,RB
Keelan Doss ,LAC,WR
La'Mical Perine ,KC,RB
Kenyan Drake ,GB,RB
Khalil Dorsey ,DET,CB
Marcedes Lewis ,CHI,TE
Steven Sims ,HOU,WR
Emanuel Wilson ,GB,RB
Nick Muse ,MIN,TE
Nate Adkins ,DEN,TE
Eric Gray ,NYG,RB
Trevon Wesco ,TEN,TE
Ben Sims ,GB,TE
Zach Pascal ,ARI,WR
Kayshon Boutte ,NE,WR
Hunter Luepke ,DAL,RB
Brandin Echols ,NYJ,CB
Chris Manhertz ,DEN,TE
Laquon Treadwell ,BAL,WR
Damien Harris ,BUF,RB
Willie Snead IV,SF,WR
Deon Jackson ,NYG,RB
Royce Freeman ,LAR,RB
Alex Armah ,WSH,RB
Trey Sermon ,IND,RB
Elijah Dotson ,LAC,RB
Malik Taylor ,NYJ,WR
Damien Williams ,ARI,RB
Eric Saubert ,DAL,TE
Jake Funk ,IND,RB
Chris Rodriguez Jr.,WSH,RB
Jashaun Corbin ,NYG,RB
John FitzPatrick ,ATL,TE
Collin Johnson ,CHI,WR
Cody Thompson ,SEA,WR
Trishton Jackson ,MIN,WR
Tucker Fisk ,ATL,TE
Simi Fehoko ,LAC,WR
Sean Tucker ,TB,RB
Tyler Johnson ,LAR,WR
Michael Burton ,DEN,FB
Devine Ozigbo ,DET,RB
Zonovan Knight ,DET,RB
Kevin Rader ,TEN,TE
Malcolm Rodriguez ,DET,LB
Cole Fotheringham ,LV,TE
Tank Bigsby ,JAX,RB
Evan Hull ,IND,RB
Greg Van Roten,LV,G
Rashaad Penny ,PHI,RB
Dan Skipper ,DET,OT
Nick Vannett ,LAC,TE
Cole Strange ,NE,G
Colton Dowell ,TEN,WR
Jeffery Simmons ,TEN,DT
Kwamie Lassiter II,CIN,WR
Antoine Green ,DET,WR
Phillip Dorsett ,DEN,WR
Donovan Smith ,KC,OT
Trent Taylor ,CHI,WR
Juwann Winfree ,IND,WR
James Proche II,CLE,WR
Irvin Charles ,NYJ,WR
Albert Okwuegbunam Jr.,PHI,TE
Travis Homer ,CHI,RB
Ben Bredeson ,NYG,G
Amari Rodgers ,IND,WR
Jordan Mims ,NO,RB
Rodney Williams ,PIT,TE
Shedrick Jackson ,CIN,WR
Gunner Olszewski ,NYG,WR
C.J. Stroud ,HOU,QB
James Robinson ,GB,RB
Robert Hainsey ,TB,C
Jake Browning ,CIN,QB
David Wells ,TB,TE
Christian McCaffrey,SF,RB
Kyren Williams,LAR,RB
James Cook,BUF,RB
D'Andre Swift,PHI,RB
James Conner,ARI,RB
Najee Harris,PIT,RB
David Montgomery,DET,RB
Raheem Mostert,MIA,RB
Travis Etienne Jr,JAX,RB
Breece Hall,NYJ,RB
Rachaad White,TB,RB
Bijan Robinson,ATL,RB
Jahmyr Gibbs,DET,RB
Isiah Pacheco,KC,RB
Joshua Dobbs ,MIN,QB
Bryce Young ,CAR,QB
Tommy DeVito ,NYG,QB
Jeff Wilson ,MIA,RB
Baker Mayfield ,TB,QB
Easton Stick ,LAC,QB
Patrick Taylor ,GB,RB
Anthony Richardson ,IND,QB
Taylor Heinicke ,ATL,QB
Darrell Henderson ,LAR,RB
Tyson Bagent ,CHI,QB
Chris Brooks ,MIA,RB
Gardner Minshew ,IND,QB
Tony Jones ,NO,RB
Dorian Thompson-Robinson ,CLE,QB
Will Levis ,TEN,QB
Carson Wentz ,LAR,QB
Marcus Mariota ,PHI,QB
Blaine Gabbert ,KC,QB
Derek Carr ,NO,QB
Trevor Siemian ,NYJ,QB
Leonard Fournette ,BUF,RB
Jimmy Garoppolo ,LV,QB
Jeff Driskel ,CLE,QB
PJ Walker ,CLE,QB
Clayton Tune ,ARI,QB
Derrick Gore ,WSH,RB
Jacoby Brissett ,WSH,QB
Brett Rypien ,LAR,QB
Zach Evans ,LAR,RB
Sam Darnold ,SF,QB
Drew Lock ,SEA,QB
Jaren Hall ,MIN,QB
Andy Dalton ,CAR,QB
Keisean Nixon ,GB,CB
Aidan O'Connell ,LV,QB
Blake Gillikin ,ARI,P
Jarrett Stidham ,DEN,QB
Logan Woodside ,ATL,QB
Tim Boyle ,NYJ,QB
Jalen Reeves-Maybin ,DET,LB
Mecole Hardman ,KNYJ,WR
Joe Flacco ,CLE,QB
Ezekiel Turner ,ARI,LB
Case Keenum ,HOU,QB
Tress Way ,WSH,P
Nick Niemann ,LAC,LB
Ty Zentner ,TEN,P
Teddy Bridgewater ,DET,QB
Sean Clifford ,GB,QB
Brian Hoyer ,LV,QB
Matt Barkley ,JAX,QB
Mike White ,MIA,QB
Johnny Hekker ,CAR,P
Ryan Stonehouse ,TEN,P
Kyle Allen ,BUF,QB
Cameron Johnston ,HOU,P
